id,name,type,sex,ranking_money,ranking_critics,year,director,producer,screenplay,cast1,cast2,cast3,composer,production_company1,production_company2,production_company3,production_company4,distribution_company,box_office,oscar,golden_globe,genre,country
"avatar,Avatar - Aufbruch nach Pandora,movie,3,1,,2009,jcd,jcp,jcs,swa,zsa,sia,jhc,20pc,lepc,depc,impc,wddc,""2,905"",3,2,science-fiction,US"
jcd,James Cameron,director,1,,,1954,,,,,,,,,,,,,,3,3,,CA
jcp,James Cameron,producer,1,,,1954,,,,,,,,,,,,,,3,3,,CA
jcs,James Cameron,screenplay,1,,,1954,,,,,,,,,,,,,,3,3,,CA
swa,Sam Worthington,actor,1,,,1976,,,,,,,,,,,,,,0,0,,AU
zsa,Zoe Saldana,actor,2,,,1978,,,,,,,,,,,,,,0,0,,US
sia,Sigourney Weaver,actor,2,,,1949,,,,,,,,,,,,,,0,0,,US
jhc,James Horner,composer,1,,,1953,,,,,,,,,,,,,,2,2,,US
20pc,20th Centuries Studios,production_company,3,,,1935,,,,,,,,,,,,,,,,,US
lepc,Lightstorm Entertainment,production_company,3,,,1990,,,,,,,,,,,,,,,,,US
depc,Dune Entertainment,production_company,3,,,2006,,,,,,,,,,,,,,,,,US
impc,Ingenious Media,production_company,3,,,1998,,,,,,,,,,,,,,,,,GB
wddc,Walt Disney Studios Motion Pictures,distribution_company,3,,,1953,,,,,,,,,,,,,,,,,US
"avengers4,Avengers 4: Endgame,movie,3,2,,2019,jrd,slp,cms,rda,sja,jra,asc,wdpc,mspc,,,wddc,""2,798"",0,0,action,DE"
jrd,Joe Russo,director,1,,,1971,,,,,,,,,,,,,,0,0,,US
slp,Stan Lee,producer,1,,,1922,,,,,,,,,,,,,,0,0,,US
cms,Christopher Markus,screenplay,1,,,1970,,,,,,,,,,,,,,0,0,,US
rda,Robert Downey Jr.,actor,1,,,1965,,,,,,,,,,,,,,0,3,,US
sja,Scarlett Johansson,actor,2,,,1984,,,,,,,,,,,,,,0,0,,US
jra,Jeremy Renner,actor,1,,,1971,,,,,,,,,,,,,,0,0,,US
asc,Alan Silvestri,composer,1,,,1950,,,,,,,,,,,,,,0,0,,US
wdpc,Walt Disney Pictures,production_company,3,,,1923,,,,,,,,,,,,,,,,,US
mspc,Marvel Studios,production_company,3,,,1993,,,,,,,,,,,,,,,,,US
wddc,Walt Disney Studios Motion Pictures,distribution_company,3,,,1953,,,,,,,,,,,,,,,,,US
"starwars,Star Wars: Das Erwachen der Macht,movie,3,3,,2015,jad,jap,gls,dra,jba,ada,jwc,wdpc,lfpc,brpc,,wddc,""2,066"",0,0,science-fiction,US"
jad,J.J.Abrams,director,1,,,1978,,,,,,,,,,,,,,,,,US
jap,J.J.Abrams,producer,1,,,1978,,,,,,,,,,,,,,,,,US
gls,George Lucas ,screenplay,1,,,1944,,,,,,,,,,,,,,0,0,,US
dra,Daisy Ridley,actor,2,,,1992,,,,,,,,,,,,,,0,0,,US
jba,John Boyega,actor,1,,,1992,,,,,,,,,,,,,,0,1,,US
ada,Adam Driver,actor,1,,,1983,,,,,,,,,,,,,,0,0,,US
jwc,John Williams ,composer,1,,,1932,,,,,,,,,,,,,,5,4,,US
wdpc,Walt Disney Pictures,production_company,3,,,1923,,,,,,,,,,,,,,,,,US
lfpc,Lucasfilm Ltd. ,production_company,3,,,1971,,,,,,,,,,,,,,,,,US
brpc,Bad Robot,production_company,3,,,1999,,,,,,,,,,,,,,,,,US
wddc,Walt Disney Studios Motion Pictures,distribution_company,3,,,1953,,,,,,,,,,,,,,,,,US
"avengers3,Avengers: Infinity War,movie,3,4,,2018,jrd,kfp,jks,rda,sja,jra,asa,mspc,wdpc,,,wddc,""2,048"",0,0,science-fiction,US"
jrd,Joe Russo,director,1,,,1971,,,,,,,,,,,,,,,,,US
kfp,Kevin Feige,producer,1,,,1973,,,,,,,,,,,,,,,,,US
jks,Jack Kirby,screenplay,1,,,1917,,,,,,,,,,,,,,,,,US
rda,Robert Downey Jr.,actor,1,,,1965,,,,,,,,,,,,,,0,2,,US
sja,Scarlett Johansson,actor,2,,,1984,,,,,,,,,,,,,,0,0,,US
jra,Jeremy Renner,actor,1,,,1971,,,,,,,,,,,,,,0,0,,US
asc,Alan Silvestri,composer,1,,,1950,,,,,,,,,,,,,,0,0,,US
mspc,Marvel Studios,production_company,3,,,1993,,,,,,,,,,,,,,,,,US
wdpc,Walt Disney Pictures,production_company,3,,,1923,,,,,,,,,,,,,,,,,US
wddc,Walt Disney Studios Motion Pictures,distribution_company,3,,,1953,,,,,,,,,,,,,,,,,US
"jurassic,Jurassic World,movie,3,5,,2015,ctd,fmp,cts,cpa,bha,voa,mgc,aepc,lppc,kmpc,,updc,""1,672"",0,0,action,US "
ctd,Colin Trevorrow,director,1,,,1976,,,,,,,,,,,,,,0,0,,US 
fmp,Frank Marshall,producer,1,,,1946,,,,,,,,,,,,,,0,0,,US 
cts,Colin Trevorrow,screenplay,1,,,1976,,,,,,,,,,,,,,0,0,,US 
cpa,Chris Pratt,actor,1,,,1979,,,,,,,,,,,,,,0,0,,US 
bha,Bryce Dallas Howard,actor,2,,,1981,,,,,,,,,,,,,,0,0,,US 
voa,Vincent D´Onofrio,actor,1,,,1959,,,,,,,,,,,,,,0,0,,US 
mgc,Michael Giacchino,composer,1,,,1967,,,,,,,,,,,,,,1,1,,US 
aepc,Amblin Entertainment,production_company,3,,,1981,,,,,,,,,,,,,,,,,US 
lppc,Legendary Pictures,production_company,3,,,2000,,,,,,,,,,,,,,,,,US 
kmpc,The Kennedy/Marshall Company,production_company,3,,,1991,,,,,,,,,,,,,,,,,US 
updc,Universal Pictures,distribution_company,3,,,1912,,,,,,,,,,,,,,,,,US 
"lion,The Lion King,movie,3,6,,2019,jfd,jfp,jns,dga,sra,cea1,hzc,wdpc,fepc,,,wddc,""1,663"",0,0,musical,US "
jfd,Jon Favreau,director,1,,,1966,,,,,,,,,,,,,,0,0,,US
jfp,Jon Favreau,producer,1,,,1966,,,,,,,,,,,,,,0,0,,US
jns,Jeff Nathanson,screenplay,1,,,1965,,,,,,,,,,,,,,0,0,,US
dga,Donald Glover,actor,1,,,1983,,,,,,,,,,,,,,0,0,,US
sra,Seth Rogen,actor,1,,,1982,,,,,,,,,,,,,,0,0,,CA
cea1,Chiwetel Ejiofor,actor,1,,,1977,,,,,,,,,,,,,,0,0,,GB
hzc,Hans Zimmer,composer,1,,,1957,,,,,,,,,,,,,,2,3,,DE
wdpc,Walt Disney Pictures,production_company,3,,,1923,,,,,,,,,,,,,,,,,US
fepc,Fairview Entertainment,production_company,3,,,1996,,,,,,,,,,,,,,,,,US
wddc,Walt Disney Studios Motion Pictures,distribution_company,3,,,1953,,,,,,,,,,,,,,,,,
"avengers,Avengers 1: The Avengers,movie,3,7,,2012,jwd,jwp,zps,rda,jra,sja,asc,mspc,,,,wddc,""1,519"",0,0,superhero,US "
jwd,Joss Whedon,director,1,,,1964,,,,,,,,,,,,,,0,0,,US 
jwp,Joss Whedon,producer,1,,,1964,,,,,,,,,,,,,,0,0,,US 
zps,Zak Penn,screenplay,1,,,1968,,,,,,,,,,,,,,0,0,,US 
rda,Robert Downey Jr. ,actor,1,,,1965,,,,,,,,,,,,,,0,4,,US 
jra,Jeremy Renner,actor,1,,,1971,,,,,,,,,,,,,,0,0,,US 
sja,Scarlett Johansson,actor,2,,,1984,,,,,,,,,,,,,,0,0,,US 
asc,Alan Silvestri,composer,1,,,1950,,,,,,,,,,,,,,0,0,,US 
mspc,Marvel Studios,production_company,3,,,1993,,,,,,,,,,,,,,0,0,,US 
wddc,Walt Disney Studios Motion Pictures,distribution_company,3,,,1953,,,,,,,,,,,,,,0,0,,US 
"furious,Furious 7,movie,3,8,,2015,jwd2,vdp,cms2,vda,pwa,dja,btc,uspc,orpc,ofpc,rmpc,updc,""1,52"",0,0,action,US"
jwd2,James Wan,director,1,,,1977,,,,,,,,,,,,,,0,0,,CN
vdp,Vin Diesel,producer,1,,,1967,,,,,,,,,,,,,,0,0,,US
cms2,Chris Morgan,screenplay,1,,,1970,,,,,,,,,,,,,,0,0,,US
vda,Vin Diesel,actor,1,,,1977,,,,,,,,,,,,,,0,0,,US
pwa,Paul Walker,actor,1,,,1973,,,,,,,,,,,,,,0,0,,US
dja,Dwayne Johnson,actor,1,,,1972,,,,,,,,,,,,,,0,0,,US
btc,Brian Tyler,composer,1,,,1972,,,,,,,,,,,,,,0,0,,US
uspc,Universal Studios,production_company1,3,,,1912,,,,,,,,,,,,,,,,,US
orpc,OneRace Films,production_company2,3,,,1995,,,,,,,,,,,,,,,,,US
ofpc,Original Film,production_company3,3,,,1990,,,,,,,,,,,,,,,,,US
rmpc,Relativity Media,production_company4,3,,,2004,,,,,,,,,,,,,,,,,US
updc,Universal Pictures,distribution_company,3,,,1912,,,,,,,,,,,,,,,,,US
"gun,Top Gun: Maverick,movie,3,9,,2022,jkd,jbp,jcs2,tca2,jca2,mta,lbc,pppc,smpc,tppc,jbpc,ppdc,""1,46"",0,0,action,US"
jkd,Joseph Kosinski,director,1,,,1974,,,,,,,,,,,,,,0,0,,US
jbp,Jerry Bruckheimer,producer,1,,,1943,,,,,,,,,,,,,,0,2,,US
jcs2,Jim Cash,screenplay,1,,,1947,,,,,,,,,,,,,,0,0,,US
tca2,Tom Cruise,actor,1,,,1962,,,,,,,,,,,,,,0,3,,US
jca2,Jennifer Connelly,actor,2,,,1970,,,,,,,,,,,,,,1,1,,US
mta,Miles Teller,actor,1,,,1987,,,,,,,,,,,,,,0,0,,US
lbc,Lorne Balfe,composer,1,,,1976,,,,,,,,,,,,,,0,0,,GB
pppc,Paramount Pictures,production_company1,3,,,1912,,,,,,,,,,,,,,,,,US
smpc,Skydance Media,production_company2,3,,,2010,,,,,,,,,,,,,,,,,US
tppc,Tencent Pictures,production_company3,3,,,2015,,,,,,,,,,,,,,,,,CN
jbpc,Jerry Bruckheimer Films,production_company4,3,,,1995,,,,,,,,,,,,,,,,,US
ppdc,Paramount Pictures,distribution_company,3,,,1912,,,,,,,,,,,,,,,,,US
"frozen2,Frozen II,movie,3,10,,2019,cbd,pdp,jls,kba,ima,jga2,cbc,wdpc,wdpc,,,wddc,""1,45"",0,1,musical,US"
cbd,Chris Buck,director,1,,,1958,,,,,,,,,,,,,,1,0,,US
pdp,Peter Del Vecho,producer,1,,,1966,,,,,,,,,,,,,,1,0,,US
jls,Jennifer Lee,screenplay,2,,,1971,,,,,,,,,,,,,,1,0,,US
kba,Kristen Bell,actor,2,,,1980,,,,,,,,,,,,,,0,0,,US
ima,Idina Menzel ,actor,2,,,1971,,,,,,,,,,,,,,0,0,,US
jga2,Josh Gad,actor,1,,,1981,,,,,,,,,,,,,,0,0,,US
cbc,Christophe Beck,composer,1,,,1972,,,,,,,,,,,,,,0,0,,CA
wdpc,Walt Disney Animation Studios,production_company1,3,,,1923,,,,,,,,,,,,,,,,,US
wdpc,Walt Disney Pictures,production_company2,3,,,1923,,,,,,,,,,,,,,26,5,,US
wddc,Walt Disney Studios,distribution_company,3,,,1923,,,,,,,,,,,,,,,,,US
"avengers2,The Avengers : Age of Ultron,movie,3,11,,2015,jwd,kfp,jws,rda,cea,mra2,dec,mspc,wdpc,,,wddc,""1,4"",0,0,action,US"
jwd,Joss Whedon,director,1,,,1964,,,,,,,,,,,,,,0,0,,US
kfp,Kevin Feige,producer,1,,,1973,,,,,,,,,,,,,,0,0,,US
jws,Joss Whedon,screenplay,1,,,1964,,,,,,,,,,,,,,0,0,,US
rda,Robert Downey Jr.,actor,1,,,1965,,,,,,,,,,,,,,0,3,,US
cea,Chris Evans,actor,1,,,1981,,,,,,,,,,,,,,0,0,,US
mra2,Mark Ruffalo,actor,1,,,1967,,,,,,,,,,,,,,0,1,,US
dec,Danny Elfman,composer,1,,,1953,,,,,,,,,,,,,,0,0,,US
mspc,Marvel Studios,production_company1,3,,,1993,,,,,,,,,,,,,,,,,US
wdpc,Walt Disney Studios Motion Pictures,production_company2,3,,,1953,,,,,,,,,,,,,,,,,US
wddc,Walt Disney Studios Motion Pictures,distribution_company,3,,,1953,,,,,,,,,,,,,,,,,US
"panther,Black Panther,movie,3,12,,2018,rcd,kfp,rcs,cba,mja,lna,lgc,mspc,,,,wddc,""1,348"",3,,action,US"
rcd,Ryan Coogler,director,1,,,1986,,,,,,,,,,,,,,,,,US
kfp,Kevin Feige,producer,1,,,1973,,,,,,,,,,,,,,,,,US
rcs,Ryan Coogler,screenplay,1,,,1986,,,,,,,,,,,,,,,,,US
cba,Chadwick Boseman,actor,1,,,1976,,,,,,,,,,,,,,,1,,US
mja,Michael B. Jordan,actor,1,,,1987,,,,,,,,,,,,,,,,,US
lna,Lupita Nyong'o,actor,2,,,1983,,,,,,,,,,,,,,1,,,MX
lgc,Ludwig Göransson,composer,1,,,1984,,,,,,,,,,,,,,1,,,SE
mspc,Marvel Studios,production_company1,3,,,1993,,,,,,,,,,,,,,,,,US
wddc,Walt Disney Studios Motion Pictures,distribution_company,3,,,1953,,,,,,,,,,,,,,,,,US
"potter,Harry Potter and the Deathly Hallows – Part 2,movie,3,13,,2011,dyd,dhp1,sks,dra1,rga,ewa,adc,wbpc,hfpc,,,wbpc,""1,342"",,,fantasy,UK"
dyd,David Yates,director,1,,,1963,,,,,,,,,,,,,,,,,GB
dhp1,David Heyman,producer,1,,,1961,,,,,,,,,,,,,,,,,GB
sks,Steve Kloves,screenplay,1,,,1960,,,,,,,,,,,,,,,,,US
dra1,Daniel Radcliffe,actor,1,,,1989,,,,,,,,,,,,,,,,,GB
rga,Rupert Grint,actor,1,,,1988,,,,,,,,,,,,,,,,,GB
ewa,Emma Watson,actor,2,,,1990,,,,,,,,,,,,,,,,,GB
adc,Alexandre Desplat,composer,1,,,1961,,,,,,,,,,,,,,2,2,,FR
wbpc,Warner Bros. Pictures,production_company1,3,,,1923,,,,,,,,,,,,,,,,,US
hfpc,Heyday Films,production_company2,3,,,1996,,,,,,,,,,,,,,,,,GB
wbdc,Warner Bros. Pictures,distribution_company,3,,,1923,,,,,,,,,,,,,,,,,US
"jedi,Star Wars: The Last Jedi,movie,3,14,,2017,rjd,kkp,rjs,mha,cfa,ada,jwc,lfpc,,,,wddc,""1,333"",,,action,US"
rjd,Rian Johnson,director,1,,,1973,,,,,,,,,,,,,,,,,US
kkp,Kathleen Kennedy,producer,2,,,1953,,,,,,,,,,,,,,,,,US
rjs,Rian Johnson,screenplay,1,,,1973,,,,,,,,,,,,,,,,,US
mha,Mark Hamill,actor,1,,,1951,,,,,,,,,,,,,,,,,US
cfa,Carrie Fisher,actor,2,,,1956,,,,,,,,,,,,,,,,,US
ada,Adam Driver,actor,1,,,1983,,,,,,,,,,,,,,,,,US
jwc,John Williams,composer,1,,,1932,,,,,,,,,,,,,,5,4,,US
lfpc,Lucasfilm Ltd.,production_company1,3,,,1971,,,,,,,,,,,,,,,,,US
wddc,Walt Disney Studios Motion Pictures,distribution_company,3,,,1953,,,,,,,,,,,,,,,,,US
"kingdom,Jurassic World: Fallen Kingdom,movie,3,15,,2018,jbd,fmp,dcs,cpa,bha,rsa,mgc,aepc,lepc1,pwpc,tmpc,updc,""1,31"",,,action,US"
jbd,J. A. Bayona,director,1,,,1975,,,,,,,,,,,,,,,,,ES
fmp,Frank Marshall,producer,1,,,1946,,,,,,,,,,,,,,,,,US
dcs,Derek Connolly,screenplay,1,,,1976,,,,,,,,,,,,,,,,,US
cpa,Chris Pratt,actor,1,,,1979,,,,,,,,,,,,,,,,,US
bha,Bryce Dallas Howard,actor,2,,,1981,,,,,,,,,,,,,,,,,US
rsa,Rafe Spall,actor,1,,,1983,,,,,,,,,,,,,,,,,GB
mgc,Michael Giacchino,composer,1,,,1967,,,,,,,,,,,,,,1,1,,US
aepc,Amblin Entertainment,production_company1,3,,,1981,,,,,,,,,,,,,,,,,US
lepc1,Legendary Entertainment,production_company2,3,,,2000,,,,,,,,,,,,,,,,,US
pwpc,Perfect World Pictures,production_company3,3,,,2008,,,,,,,,,,,,,,,,,CN
tmpc,The Kennedy/Marshall Company,production_company4,3,,,1992,,,,,,,,,,,,,,,,,US
updc,Universal Pictures,distribution_company,3,,,1912,,,,,,,,,,,,,,,,,US
"frozen,Frozen,movie,3,16,,2013,cbd,pdv,jls,kba,ima,jga1,cbc,wdpc,,,,wddc,""1,282"",2,1,adventure,US"
cbd,Chris Buck,director,1,,,1958,,,,,,,,,,,,,,1,0,,US
pdv,Peter del Vecho,producer,1,,,1966,,,,,,,,,,,,,,1,0,,US
jls,Jennifer Lee,screenplay,2,,,1971,,,,,,,,,,,,,,0,0,,US
kba,Kristen Bell,actor,2,,,1980,,,,,,,,,,,,,,0,0,,US
ima,Idina Menzel,actor,2,,,1971,,,,,,,,,,,,,,0,0,,US
jga1,Jonathan Groff,actor,1,,,1985,,,,,,,,,,,,,,0,0,,US
cbc,Christophe Beck,composer,1,,,1972,,,,,,,,,,,,,,0,0,,CH
wdpc,Walt Disney Studios Motion Pictures,production_company1,3,,,1953,,,,,,,,,,,,,,,,,US
wddc,Walt Disney Studios Motion Pictures,distribution_company,3,,,1953,,,,,,,,,,,,,,,,,US
"beauty,Beauty and the beast,movie,3,17,,2017,bcd,dhp,scs,ewa,dsa,lea1,amc,wdpc,,,,wddc,""1,274"",2,3,adventure,US"
bcd,Bill Condon,director,1,,,1955,,,,,,,,,,,,,,1,0,,US
dhp,David Hoberman,producer,1,,,1953,,,,,,,,,,,,,,0,0,,US
scs,Stephen Chbosky,screenplay,1,,,1970,,,,,,,,,,,,,,0,0,,US
ewa,Emma Watson,actor,2,,,1990,,,,,,,,,,,,,,0,0,,GB
dsa,Dan Stevens,actor,1,,,1982,,,,,,,,,,,,,,0,0,,GB
lea1,Luke Evans,actor,1,,,1979,,,,,,,,,,,,,,0,0,,WA
amc,Alan Menken,composer,1,,,1949,,,,,,,,,,,,,,8,4,,US
wdpc,Walt Disney Studios Motion Pictures,production_company1,3,,,1953,,,,,,,,,,,,,,,,,US
wddc,Walt Disney Studios Motion Pictures,distribution_company,3,,,1953,,,,,,,,,,,,,,,,,US
"incredibles ,Incredibles 2,movie,3,18,,2018,bbd,ngp,bbs,cna,hha,sva,mgc,ppc,,,,wddc,""1,243"",0,0,action,US"
bbd,Brad Bird,director,1,,,1957,,,,,,,,,,,,,,2,0,,US
ngp,Nicole Paradis Grindle,producer,2,,,1986,,,,,,,,,,,,,,0,0,,US
bbs,Brad Bird,screenplay,1,,,1957,,,,,,,,,,,,,,0,0,,US
cna,Craig T. Nelson,actor,1,,,1944,,,,,,,,,,,,,,0,0,,US
hha,Holly Hunter,actor,2,,,1958,,,,,,,,,,,,,,1,1,,US
sva,Sarah Vowell,actor,2,,,1969,,,,,,,,,,,,,,0,0,,US
mgc,Michael Giacchino,composer,1,,,1967,,,,,,,,,,,,,,1,1,,US
ppc,Pixar animation studios,production_company1,3,,,1953,,,,,,,,,,,,,,,,,US
wddc,Walt Disney Studios Motion Pictures,distribution_company,3,,,1953,,,,,,,,,,,,,,,,,US
"fate,The Fate of the Furious,movie,3,19,,2017,fgd,vdp,gts,vda,jsa,dja,btc,uppc,,,,updc,""1,236"",0,0,action,US"
fgd,F. Gary Gray,director,1,,,1969,,,,,,,,,,,,,,0,0,,US
vdp,Vin Diesel,producer,1,,,1967,,,,,,,,,,,,,,0,0,,US
gts,Gary Scott Thompson,screenplay,1,,,1959,,,,,,,,,,,,,,0,0,,US
vda,Vin Diesel,actor,1,,,1967,,,,,,,,,,,,,,0,0,,US
jsa,Jason Statham,actor,1,,,1967,,,,,,,,,,,,,,0,0,,GB
dja,Dwayne Johnson,actor,1,,,1972,,,,,,,,,,,,,,0,0,,US
btc,Brian Tyler,composer,1,,,1972,,,,,,,,,,,,,,0,0,,US
uppc,Universal pictures,production_company1,3,,,1912,,,,,,,,,,,,,,,,,US
updc,Universal pictures,distribution_company,3,,,1912,,,,,,,,,,,,,,,,,US
"iron,Iron Man 3,movie,3,20,,2013,sbd,kfp,dps,rda,gpa,dca,btc,mspc,,,,wddc,""1,214"",0,0,superhero,US "
sbd,Shane Black,director,1,,,1961,,,,,,,,,,,,,,0,0,,US 
kfp,Kevin Feige,producer,1,,,1973,,,,,,,,,,,,,,0,0,,US 
dps,Drew Pearce,screenplay,1,,,1975,,,,,,,,,,,,,,0,0,,GB
rda,Robert Downey Jr.,actor,1,,,1965,,,,,,,,,,,,,,0,4,,US 
gpa,Gwyneth Paltrow,actor,2,,,1972,,,,,,,,,,,,,,1,1,,US 
dca,Don Cheadle,actor,1,,,1964,,,,,,,,,,,,,,0,2,,US 
btc,Brian Tyler,composer,1,,,1972,,,,,,,,,,,,,,0,0,,US 
mspc,Marvel Studios,production_company,3,,,1993,,,,,,,,,,,,,,,,,US 
wddc,Walt Disney Studios Motion Pictures,distribution_company,3,,,1953,,,,,,,,,,,,,,,,,US 
"toni_erdmann,Toni Erdmann,movie,3,,1,2016,mad,map,mas,sha,psa,mwa,pvc,kfpc1,copc,khpc,mfpc,nfdc,""0,118"",0,0,comedy-drama,DE"
mad,Maren Ade,director,2,,,1976,,,,,,,,,,,,,,1,0,,DE
mas,Maren Ade,screenplay,2,,,1976,,,,,,,,,,,,,,1,0,,DE
map,Maren Ade,producer,2,,,1976,,,,,,,,,,,,,,1,0,,DE
sha,Sandra Hüller,actor,2,,,1978,,,,,,,,,,,,,,0,0,,DE
psa,Peter Simonischeck,actor,1,,,1946,,,,,,,,,,,,,,0,0,,DE
mwa,Michael Wittenborn,actor,1,,,1953,,,,,,,,,,,,,,0,0,,DE
pvc,Patrick Veigel,composer,1,,,1976,,,,,,,,,,,,,,0,0,,DE
kfpc1,Komplizen Film,production_company,3,,,1999,,,,,,,,,,,,,,,,,DE
copc,coop99,production_company,3,,,1999,,,,,,,,,,,,,,,,,AT
khpc,KNM Home Entertainment,production_company,3,,,2007,,,,,,,,,,,,,,,,,DE
mfpc,Missing Link Films,production_company,3,,,2014,,,,,,,,,,,,,,,,,DE
nfdc,NFP,distribution_company,3,,,,,,,,,,,,,,,,,,,,US
"moon,moonlight,movie,3,,2,2016,bjd,arp,bjs,aha,asa,tra,nbc,a2pc,dmpc,,,dmdc,""0,653"",3,1,drama,DE"
bjd,Barry Jenkins,director,1,,,1979,,,,,,,,,,,,,,1,0,,US
arp,Adele Romanski,producer,2,,,1982,,,,,,,,,,,,,,1,0,,US
bjs,Barry Jenkins,screenplay,1,,,1979,,,,,,,,,,,,,,1,0,,US
aha,Alex R. Hibbert,actor,1,,,2004,,,,,,,,,,,,,,0,0,,US
asa,Ashton Sanders,actor,1,,,1995,,,,,,,,,,,,,,0,0,,US
tra,Trevante Rhodes,actor ,1,,,1990,,,,,,,,,,,,,,0,0,,US
nbc,Nicholas Britell,composer,1,,,1980,,,,,,,,,,,,,,0,0,,US
a2pc,A24,production_company,3,,,2012,,,,,,,,,,,,,,,,,US
dmpc,DCM Filmdistribution,production_company,3,,,1996,,,,,,,,,,,,,,,,,DE
dmdc,DCM Filmdistribution,distribution_company,3,,,1996,,,,,,,,,,,,,,,,,DE
"verbl,Verblendung,movie,3,,3,2009,nad,ssp,sls,mna,npa,lea,jgc,nfpc,wbpc,,,wbdc,""0,104"",,,thriller,US"
nad,Niels Arden Oplev,director,1,,,1961,,,,,,,,,,,,,,0,0,,DK
ssp,Soren Staermose,producer,1,,,1952,,,,,,,,,,,,,,0,0,,DK
sls,Stieg Larsson,screenplay,1,,,1954,,,,,,,,,,,,,,0,0,,SE
mna,Michael Nyqvist,actor,1,,,1960,,,,,,,,,,,,,,0,0,,SE
npa,Noomi Rapace,actor,1,,,1979,,,,,,,,,,,,,,0,0,,SE
lea,Lena Endre,actor,2,,,1955,,,,,,,,,,,,,,0,0,,SE
jgc,Jacob Groth,composer,1,,,1951,,,,,,,,,,,,,,0,0,,DK
nfpc,Nordisk Film,production_company,3,,,1906,,,,,,,,,,,,,,,,,DK
wbpc,Warner Bros. GmbH,production_company,3,,,1923,,,,,,,,,,,,,,,,,US
wbdc,Warner Bros. GmbH,distribution_company,3,,,1923,,,,,,,,,,,,,,,,,US
"traffic,Traffic: Die Macht des Kartells,movie,3,,4,2001,ssd,lbp,sms,mda,dca,bta,cmc,iepc,lbpc,bfpc,,ufdc,""0,42"",4,0,drama,US"
ssd,Steven Soderbergh,director,1,,,1963,,,,,,,,,,,,,,,,,US
lbp,Laura Bickford,producer,2,,,1968,,,,,,,,,,,,,,,,,US
sms,Simon Moore,screenplay,1,,,1958,,,,,,,,,,,,,,,,,US
mda,Michael Douglas,actor,1,,,1944,,,,,,,,,,,,,,2,5,,US
dca,Don Cheadle,actor,1,,,1964,,,,,,,,,,,,,,,2,,US
bta,Benicio Del Toro,actor,1,,,1967,,,,,,,,,,,,,,1,1,,US
cmc,Cliff Martinez,composer,1,,,1954,,,,,,,,,,,,,,0,0,,US
iepc,Initial Entertainment Group,production_company,3,,,1990,,,,,,,,,,,,,,,,,US
lbpc,Laura Bickford Productions,production_company,3,,,,,,,,,,,,,,,,,,,,US
bfpc,Bedford Falls Productions,production_company,3,,,1985,,,,,,,,,,,,,,,,,US
ufdc,USA Films Company,distribution_company,3,,,,,,,,,,,,,,,,,,,,US
"kommando,Tödliches Kommando: The Hurt Locker,movie,3,,5,2008,kbd,kbp,mbs,jra,ama,ela,mbc,kfpc,flpc,vppc,gppc,sedc,""0,492"",6,0,thriller,US "
kbd,Kathryn Bigelow,director,2,,,1951,,,,,,,,,,,,,,2,0,,US 
kbp,Kathryn Bigelow,producer,2,,,1951,,,,,,,,,,,,,,2,0,,US 
mbs,Mark Boal,screenplay,1,,,1973,,,,,,,,,,,,,,2,0,,US 
jra,Jeremy Renner,actor,1,,,1971,,,,,,,,,,,,,,0,0,,US 
ama,Anthony Mackie,actor,1,,,1978,,,,,,,,,,,,,,0,0,,US 
ela,Evangeline Lilly,actor,2,,,1979,,,,,,,,,,,,,,0,0,,CA
mbc,Marco Beltrami,composer,1,,,1966,,,,,,,,,,,,,,0,0,,US
kfpc,Kingsgate Films,production_company,3,,,1974,,,,,,,,,,,,,,,,,US
flpc,First Light Production,production_company,3,,,2001,,,,,,,,,,,,,,,,,US
vppc,Voltage Pictures,production_company,3,,,2005,,,,,,,,,,,,,,,,,US
gppc,Grosvenor Park Media,production_company,3,,,1999,,,,,,,,,,,,,,,,,US
sedc,Summit Entertainment,distribution_company,3,,,1991,,,,,,,,,,,,,,,,,US
"man,A serious man,movie,3,,6,2009,jcd,ecp,jcs1,msa,rka,fma,cbc1,scpc,rmpc,wtpc,mzpc,ffdc,""0,314"",0,0,comedy-drama,UK"
jcd,Joel Coen,director,2,,,1954,,,,,,,,,,,,,,4,1,,US 
ecp,Ethan Coen,producer,2,,,1957,,,,,,,,,,,,,,4,1,,US 
jcs1,Joel Coen,screenplay,2,,,1954,,,,,,,,,,,,,,4,1,,US 
msa,Michael Stuhlbarg,actor,2,,,1968,,,,,,,,,,,,,,0,0,,US 
rka,Richard Kind,actor,2,,,1956,,,,,,,,,,,,,,0,0,,US 
fma,Fred Melamed,actor,2,,,1956,,,,,,,,,,,,,,0,0,,US 
cbc1,Carter Burwell,composer,2,,,1954,,,,,,,,,,,,,,0,0,,US 
scpc,StudioCanal,production_company,3,,,1988,,,,,,,,,,,,,,,,,US 
rmpc,Relativity Media,production_company,3,,,2004,,,,,,,,,,,,,,,,,US 
wtpc,Working Title Films,production_company,3,,,1984,,,,,,,,,,,,,,,,,US 
mzpc,Mike Zoss Productions,production_company,3,,,1985,,,,,,,,,,,,,,,,,US 
ffdc,Focus Features,distribution_company,3,,,2002,,,,,,,,,,,,,,,,,US 
"leben,Das Leben der Anderen,movie,3,,7,2006,fhd,mwp,fhs,uma,ska,mga,gyc,wbpc2,brpc,arpc,cfpc,wddc,""0,773"",1,1,drama,DE"
fhd,Florian Henckel von Donnersmarck,director,1,,,1973,,,,,,,,,,,,,,1,1,,DE
mwp,Max Wiedemann,producer,1,,,1977,,,,,,,,,,,,,,1,1,,DE
fhs,Florian Henckel von Donnersmarck,screenplay,1,,,1973,,,,,,,,,,,,,,1,1,,DE
uma,Ulrich Mühe,actor,1,,,1953,,,,,,,,,,,,,,0,0,,DE
ska,Sebastian Koch,actor,1,,,1962,,,,,,,,,,,,,,0,0,,DE
mga,Martina Gedeck,actor,2,,,1961,,,,,,,,,,,,,,0,0,,DE
gyc,Gabriel Yared,composer,1,,,1949,,,,,,,,,,,,,,1,1,,DE
wbpc2,Wiedemann & Berg,production_company,3,,,2003,,,,,,,,,,,,,,,,,DE
brpc,Bayerischer Rundfunk,production_company,3,,,1949,,,,,,,,,,,,,,,,,DE
arpc,Arte,production_company,3,,,1991,,,,,,,,,,,,,,,,,DE
cfpc,Creado Film,production_company,3,,,,,,,,,,,,,,,,,,,,DE
wddc,Walt Disney Studios Motion Pictures,distribution_company,3,,,1953,,,,,,,,,,,,,,,,,US 
"name,Call me by your name,movie,3,,8,2017,lgd,psp,jis,aha2,tca,msa,ssc,ffpc,lcpc,rtpc,mypc,spdc,""0,419"",1,0,drama,IT"
lgd,Luca Guadagnino,director,1,,,1971,,,,,,,,,,,,,,0,0,,IT
psp,Peter Spears,producer,1,,,1965,,,,,,,,,,,,,,1,0,,US 
jis,James Ivory,screenplay,1,,,1928,,,,,,,,,,,,,,1,0,,US 
aha2,Armie Hammer,actor,1,,,1986,,,,,,,,,,,,,,0,0,,US 
tca,Timothée Chalamet,actor,1,,,1995,,,,,,,,,,,,,,0,0,,US 
msa,Michael Stuhlbarg,actor,1,,,1968,,,,,,,,,,,,,,0,0,,US 
ssc,Sufjan Stevens,composer,1,,,1975,,,,,,,,,,,,,,0,0,,US
ffpc,Frenesy Film Company,production_company,3,,,2012,,,,,,,,,,,,,,,,,IT
lcpc,La Cinéfacture,production_company,3,,,,,,,,,,,,,,,,,,,,FR
rtpc,RT Features,production_company,3,,,2005,,,,,,,,,,,,,,,,,BR
mypc,M.Y.R.A. Entertainment,production_company,3,,,2007,,,,,,,,,,,,,,,,,US
spdc,Sony Pictures Classics,distribution_company,3,,,1992,,,,,,,,,,,,,,,,,US
"ratatouille,Ratatouille,movie,3,,9,2007,bbd,blp,bbs,bga,lra,poa,mgc,ppc,wdpc,,,bvdc,""0,623"",1,1,comedy,US"
bbd,Brad Bird,director,1,,,1957,,,,,,,,,,,,,,2,0,,US
blp,Bradford Lewis,producer,1,,,1958,,,,,,,,,,,,,,0,0,,US
bbs,Brad Bird,screenplay,1,,,1957,,,,,,,,,,,,,,2,0,,US
bga,Brad Garrett,actor,1,,,1960,,,,,,,,,,,,,,0,0,,US
lra,Lou Romano,actor,1,,,1972,,,,,,,,,,,,,,0,0,,US
poa,Patton Oswalt,actor,1,,,1969,,,,,,,,,,,,,,0,0,,US
mgc,Michael Giacchino,composer,1,,,1967,,,,,,,,,,,,,,1,1,,US
ppc,Pixar,production_company1,3,,,1986,,,,,,,,,,,,,,,,,US
wdpc,Walt Disney Pictures,production_company2,3,,,1923,,,,,,,,,,,,,,26,5,,US
bvdc,Buena Vista Pictures,distribution_company,3,,,1954,,,,,,,,,,,,,,,,,US
"dark,The Dark Knight,movie,3,,10,2008,cnd,cnp,jns1,cba1,hla,aea,jnc,dcpc,wbpc,dcpc1,lppc,wbdc,""1,01"",2,1,Action,US"
cnd,Christopher Nolan,director,1,,,1970,,,,,,,,,,,,,,0,0,,GB
cnp,Christopher Nolan,producer,1,,,1970,,,,,,,,,,,,,,0,0,,GB
jns1,Jonathan Nolan,screenplay,1,,,1976,,,,,,,,,,,,,,0,0,,GB
cba1,Christian Bale,actor,1,,,1974,,,,,,,,,,,,,,1,2,,GB
hla,Heath Ledger,actor,1,,,1979,,,,,,,,,,,,,,1,1,,AU
aea,Aaron Eckhart,actor,1,,,1968,,,,,,,,,,,,,,0,0,,US
jnc,James Newton Howard,composer,1,,,1951,,,,,,,,,,,,,,0,0,,US
dcpc,DC Comics,production_company1,3,,,1934,,,,,,,,,,,,,,,,,US
wbpc,Warner Bros Pictures,production_company2,3,,,1923,,,,,,,,,,,,,,,,,US
dcpc1,DC Films,production_company3,3,,,2016,,,,,,,,,,,,,,,,,US
lppc,Legendary Pictures,production_company4,3,,,2000,,,,,,,,,,,,,,,,,US
wbdc,Warner Bros Pictures,distribution_company,3,,,1923,,,,,,,,,,,,,,,,,US
"kopf,Alles steht Kopf,movie,3,,11,2015,pdd,jrp,pds,apa,bha1,lba,mgc,ppc,wdpc,,,wddc,""0,858"",1,2,comedy,US"
pdd,Pete Docter,director,1,,,1968,,,,,,,,,,,,,,3,0,,US
jrp,Jonas Rivera,producer,1,,,1971,,,,,,,,,,,,,,2,0,,US
pds,Pete Docter,screenplay,1,,,1968,,,,,,,,,,,,,,1,2,,US
apa,Amy Poehler,actor,2,,,1971,,,,,,,,,,,,,,0,1,,US
bha1,Bill Hader,actor,1,,,1978,,,,,,,,,,,,,,0,0,,US
lba,Lewis Black,actor,1,,,1948,,,,,,,,,,,,,,0,0,,US
mgc,Michael Giacchino,composer,1,,,1967,,,,,,,,,,,,,,1,1,,US
ppc,Pixar,production_company1,3,,,1986,,,,,,,,,,,,,,,,,US
wdpc,Walt Disney Pictures,production_company2,3,,,1923,,,,,,,,,,,,,,26,5,,US
wddc,Walt Disney Studios,distribution_company,3,,,1923,,,,,,,,,,,,,,,,,US
"gravity,Gravity,movie,3,,12,2013,acd,acp,acs,sba,gca,eha,spc,wbpc,efpc,hfpc,,wbdc,""0,723"",7,4,science fiction,US"
acd,Alfonso Cuarón,director,1,,,1961,,,,,,,,,,,,,,2,2,,MX
acp,Alfonso Cuarón,producer,1,,,1961,,,,,,,,,,,,,,2,2,,MX
acs,Alfonso Cuarón,screenplay,1,,,1961,,,,,,,,,,,,,,2,2,,MX
sba,Sandra Bullock,actor,2,,,1964,,,,,,,,,,,,,,1,1,,US
gca,George Clooney,actor,1,,,1961,,,,,,,,,,,,,,2,4,,US
eha,Ed Harris,actor,1,,,1950,,,,,,,,,,,,,,0,2,,US
spc,Steven Price,composer,1,,,1977,,,,,,,,,,,,,,1,0,,GB
wbpc,Warner Bros Pictures,production_company1,3,,,1923,,,,,,,,,,,,,,,,,US
efpc,Esperanto Filmoj,production_company2,3,,,2004,,,,,,,,,,,,,,,,,MX
hfpc,Heyday Films,production_company3,3,,,1996,,,,,,,,,,,,,,,,,GB
wbdc,Warner Bros Pictures,distribution_company,3,,,1923,,,,,,,,,,,,,,,,,US
"wrestler,The Wrestler,movie,3,,13,2008,dad,dap,rss,mra,mta1,ewa1,cmc1,wbpc1,pppc1,,,fsdc,""0,044"",,2,drama,US"
dad,Darren Aronofsky,director,1,,,1969,,,,,,,,,,,,,,,,,US
dap,Darren Aronofsky,producer,1,,,1969,,,,,,,,,,,,,,,,,US
rss,Robert Siegel,screenplay,1,,,1971,,,,,,,,,,,,,,,,,US
mra,Mickey Rourke,actor,1,,,1952,,,,,,,,,,,,,,,1,,US
mta1,Marisa Tomei,actor,2,,,1964,,,,,,,,,,,,,,1,,,US
ewa1,Evan Rachel Wood,actor,2,,,1987,,,,,,,,,,,,,,,,,US
cmc1,Clint Mansell,composer,1,,,1963,,,,,,,,,,,,,,,,,GB
wbpc1,Wild Bunch,production_company1,3,,,1979,,,,,,,,,,,,,,,,,EU
pppc1,Protozoa Pictures,production_company2,3,,,1997,,,,,,,,,,,,,,,,,US
fsdc,Fox Searchlight Pictures,distribution_company,3,,,1994,,,,,,,,,,,,,,,,,US
"hugo,Hugo Cabret,movie,3,,14,2011,msd,gkp,jls1,bka,sca1,aba,hsc,gkpc,inpc,,,ppdc,""0,185"",5,,drama,US"
msd,Martin Scorsese,director,1,,,1942,,,,,,,,,,,,,,1,3,,US
gkp,Graham King,producer,1,,,1961,,,,,,,,,,,,,,1,,,GB
jls1,John Logan,screenplay,1,,,1961,,,,,,,,,,,,,,,,,US
bka,Ben Kingsley,actor,1,,,1943,,,,,,,,,,,,,,1,2,,GB
sca1,Sacha Baron Cohen,actor,1,,,1971,,,,,,,,,,,,,,,2,,GB
aba,Asa Butterfield,actor,1,,,1997,,,,,,,,,,,,,,,,,GB
hsc,Howard Shore,composer,1,,,1946,,,,,,,,,,,,,,3,3,,CA
gkpc,GK Films,production_company1,3,,,2007,,,,,,,,,,,,,,,,,US
inpc,Infinitum Nihil,production_company2,3,,,2004,,,,,,,,,,,,,,,,,US
ppdc,Paramount Pictures,distribution_company,3,,,1912,,,,,,,,,,,,,,,,,US
"descendants,The Descendants,movie,3,,15,2011,apd,jbp1,aps,gca,swa1,bba,cac,ahpc,,,,fsdc,""0,177"",1,1,drama,US"
apd,Alexander Payne,director,1,,,1961,,,,,,,,,,,,,,2,2,,US
jbp1,Jim Burke,producer,1,,,1957,,,,,,,,,,,,,,1,,,US
aps,Alexander Payne,screenplay,1,,,1961,,,,,,,,,,,,,,2,2,,US
gca,George Clooney,actor,1,,,1961,,,,,,,,,,,,,,2,4,,US
swa1,Shailene Woodley,actor,2,,,1991,,,,,,,,,,,,,,,,,US
bba,Beau Bridges,actor,1,,,1941,,,,,,,,,,,,,,,2,,US
cac,Craig Armstrong,composer,1,,,1959,,,,,,,,,,,,,,,1,,GB
ahpc,Ad Hominem Enterprises,production_company1,3,,,,,,,,,,,,,,,,,,,,
fsdc,Fox Searchlight Pictures,distribution_company,3,,,1994,,,,,,,,,,,,,,,,,US
"brokeback,Brokeback Mountain,movie,3,,16,2005,ald,dop,lms,hla,jga,lca,gsc,rrpc,,,,ffdc,""0,178"",3,4,drama,US"
ald,Ang Lee,director,1,,,1954,,,,,,,,,,,,,,2,2,,TW
dop,Diana Ossana,producer,2,,,1949,,,,,,,,,,,,,,1,1,,US
lms,Larry McMurtry,screenplay,1,,,1936,,,,,,,,,,,,,,1,1,,US
hla,Heath Ledger,actor,1,,,1979,,,,,,,,,,,,,,1,1,,AU
jga,Jake Gyllenhaal,actor,1,,,1980,,,,,,,,,,,,,,,,,US
lca,Linda Cardellini,actor,2,,,1975,,,,,,,,,,,,,,,,,US
gsc,Gustavo Santaolalla,composer,3,,,1951,,,,,,,,,,,,,,2,1,,AR
rrpc,River Road Entertainment,production_company1,3,,,1987,,,,,,,,,,,,,,,,,US
ffdc,Focus Features LLC,distribution_company,3,,,2002,,,,,,,,,,,,,,,,,US
"münchen,München,movie,3,,17,2006,ssd1,ssp1,gjs,eba,cda,cha,jwc,uppc,dppc,,,ugdc,""0,131"",0,0,drama,US"
ssd1,Steven Spielberg,director,1,,,1946,,,,,,,,,,,,,,3,2,,US
ssp1,Steven Spielberg,producer,1,,,1946,,,,,,,,,,,,,,0,0,,US
gjs,George Jonas,screenplay,1,,,1935,,,,,,,,,,,,,,0,0,,HU
eba,Eric Bana,actor,1,,,1968,,,,,,,,,,,,,,0,0,,AU
cda,Daniel Craig,actor,1,,,1968,,,,,,,,,,,,,,0,0,,GB
cha,Cierán Hinds,actor,1,,,1953,,,,,,,,,,,,,,0,0,,IE 
jwc,John Williams,composer,1,,,1932,,,,,,,,,,,,,,5,4,,US
uppc,Universal Pictures,production_company1,3,,,1912,,,,,,,,,,,,,,,,,US
dppc,Dreamworks Pictures,production_company2,3,,,1994,,,,,,,,,,,,,,,,,US
ugdc,Universal Pictures Germany,distribution_company,3,,,1981,,,,,,,,,,,,,,,,,DE
"social,The Social Network,movie,3,,18,2010,dfd,dbp,ass,jea,jta,awa,trc,cppc,srpc,tspc,rmpc,spdc,""0,225"",3,4,drama,US"
dfd,David Fincher,director,1,,,1962,,,,,,,,,,,,,,3,1,,US
dbp,Dana Brunetti,producer,1,,,1973,,,,,,,,,,,,,,0,0,,US
ass,Aaron Sorkin,screenplay,1,,,1961,,,,,,,,,,,,,,1,3,,US
jea,Jesse Eisenberg,actor,1,,,1983,,,,,,,,,,,,,,0,0,,US
jta,Justin Timberlake,actor,1,,,1981,,,,,,,,,,,,,,0,0,,US
awa,Andrew Garfield,actor,1,,,1983,,,,,,,,,,,,,,0,1,,US
trc,Trent Reznor,composer,1,,,1965,,,,,,,,,,,,,,2,1,,US
cppc,Columbia Pictures,production_company1,3,,,1919,,,,,,,,,,,,,,,,,US
srpc,Scott Rudin Production,production_company2,3,,,1980,,,,,,,,,,,,,,,,,US
tspc,Trigger Street Productions,production_company3,3,,,1997,,,,,,,,,,,,,,,,,US
rmpc,Relativity Media,production_company4,3,,,2004,,,,,,,,,,,,,,,,,US
spdc,Sony pictures,distribution_company,3,,,1991,,,,,,,,,,,,,,,,,US
"tree,The Tree of Life,movie,3,,19,2011,tmd,skp,tms,bpa,jca,spa,adc,pbpc,rrpc,,,cfdc,""0,058"",0,0,drama,US"
tmd,Terrence Malick,director,1,,,1943,,,,,,,,,,,,,,0,0,,US
skp,Susan Kirr,producer,2,,,1942,,,,,,,,,,,,,,0,0,,
tms,Terrence Malick,screenplay,1,,,1943,,,,,,,,,,,,,,1,3,,US
bpa,Brad Pitt,actor,1,,,1963,,,,,,,,,,,,,,2,2,,US
jca,Jessica Chastain,actor,2,,,1977,,,,,,,,,,,,,,1,1,,US
spa,Sean Penn,actor,1,,,1960,,,,,,,,,,,,,,2,1,,US
adc,Alexandre Desplat,composer,1,,,1961,,,,,,,,,,,,,,2,2,,FR 
pbpc,Plan B,production_company1,3,,,2001,,,,,,,,,,,,,,,,,US
rrpc,River Road Entertainment,production_company2,3,,,1979,,,,,,,,,,,,,,,,,US
cfdc,Concorde Filmverleih GmbH,distribution_company,3,,,1980,,,,,,,,,,,,,,,,,DE
"country,No Country for Old Men,movie,3,,20,2007,jcd1,srp,jcs1,tja,jba2,jba1,cbc1,mfpc,srpc,pcpc,,ugdc,""0,171"",4,2,thriller,US"
jcd1,Joel Coen,director,1,,,1954,,,,,,,,,,,,,,4,1,,US
srp,Scott Rudin,producer,1,,,1958,,,,,,,,,,,,,,1,0,,US
jcs1,Joel Coen,screenplay,1,,,1954,,,,,,,,,,,,,,4,1,,US
tja,Tommy Lee Jones,actor,1,,,1946,,,,,,,,,,,,,,1,1,,US
jba2,Javier Bardem,actor,1,,,1969,,,,,,,,,,,,,,1,1,,ES 
jba1,Josh Brolin,actor,1,,,1968,,,,,,,,,,,,,,1,0,,US
cbc1,Carter Burwell,composer,1,,,1954,,,,,,,,,,,,,,2,0,,US
mfpc,Miramax Films,production_company1,3,,,1979,,,,,,,,,,,,,,,,,US
srpc,Scott Rudin Productions,production_company2,3,,,1980,,,,,,,,,,,,,,,,,US
pcpc,Paramount Classics,production_company3,3,,,1998,,,,,,,,,,,,,,,,,US
ugdc,Universal Pictures Germany,distribution_company,3,,,1991,,,,,,,,,,,,,,,,,DE
